ic50_trolox_mean,ic50_trolox_sd,ic50_trolox_n
4.8769032242892285,0.2897272538036755,3
