metodo,n,media,sd,se,endpoint
ABTS,3,0.036752877333333336,0.0028689122238898025,0.0016563672447441854,TEAC
DPPH,3,0.3773110593333333,0.4831411496676741,0.27894167281721693,TEAC
