metodo,n,media,sd,se,endpoint
ABTS,3,1.569382361,0.3148609578678549,0.18178505878230944,IC50
DPPH,3,49.56938236333333,0.3148609573843948,0.18178505850318363,IC50
