metodo,p_shapiro
ABTS,0.41859640645625773
DPPH,0.0024657902502656565
