metodo,p_shapiro
ABTS,0.9937168197464588
DPPH,0.8989446627301984
