metodo,p_shapiro
ABTS,0.8954886945706348
DPPH,0.8954886926563633
